PM10_forecast,temp_forecast,humidity_forecast,rain_forecast,wind_forecast,hour,PM10_lower,PM10_upper,temp_lower,temp_upper,humidity_lower,humidity_upper,rain_lower,rain_upper,wind_lower,wind_upper
17.75946,17.784056,40.697,-0.0034264326,13.414005,1,10.090285,25.271807,9.913117,25.567413,35.3097,45.868576,-0.010557249,0.0049538165,9.5319,16.819538
14.666773,18.559162,42.402195,-0.004072517,12.759059,2,8.3541355,21.313019,11.522268,26.150082,36.049606,48.985027,-0.008895546,0.0011022687,7.488353,17.658215
12.763523,17.338947,44.059944,-0.0034721196,11.847198,3,6.6873918,20.259308,9.330646,25.059122,35.796154,51.805202,-0.009047359,0.0021177083,6.528906,17.004337
11.771421,17.140755,45.841393,-0.0023469478,10.540995,4,4.777604,20.484266,10.70435,23.70988,37.48094,53.692936,-0.008142814,0.0044725686,5.1634307,15.770498
11.414508,17.0559,47.954376,-0.0021510571,10.019255,5,5.3258324,17.689754,7.416663,26.519348,38.545513,56.358505,-0.0079432875,0.0029693693,4.822247,15.89375
11.627234,17.411184,49.170612,-0.0036034435,9.371868,6,4.282959,19.817833,9.644899,23.959389,36.309715,59.076244,-0.011198238,0.004014343,4.1093946,14.551603
11.426101,16.90827,50.62831,-0.0036701858,9.055395,7,4.0402966,20.987545,8.977545,24.605242,40.36387,60.185295,-0.010368243,0.0029090345,4.133808,14.842017
11.757867,18.186535,51.28119,-0.0033594817,9.030642,8,4.5501814,21.457253,10.3782015,25.632767,40.89106,60.954407,-0.008133009,0.0044956207,3.5982366,15.296431
10.845381,16.942099,51.93857,-0.0037930757,8.990612,9,3.8996763,19.46409,9.959718,24.8689,41.400818,62.62107,-0.0077418983,0.0033587962,4.0636835,14.121527
12.345271,17.388365,51.946056,-0.00039543211,9.4190855,10,4.2369337,23.283089,11.52507,24.900675,40.5932,63.99956,-0.007825375,0.0022547096,4.260973,15.241205
11.902545,16.893654,52.99494,-0.0024395287,8.879282,11,3.6396646,24.508434,9.541719,24.60265,43.525757,63.501495,-0.0075288415,0.0023685545,4.41447,14.846316
10.889654,17.639935,54.07823,-0.0026825815,8.729303,12,3.5424824,19.29971,10.275147,23.61575,43.36808,66.26921,-0.009120107,0.0038795471,3.7282205,15.575778
10.648443,16.089085,54.153,-0.003353104,9.288058,13,4.108637,19.995054,8.845597,23.616356,42.420746,65.167145,-0.010111079,0.0018957108,4.0141397,15.912355
10.487196,16.746155,54.621155,-0.0033160895,8.884973,14,4.0815544,21.377995,10.9269905,23.92021,41.973175,66.651505,-0.008858472,0.002370879,3.3995862,15.059505
11.935944,17.063501,54.678043,-0.0024458468,9.411806,15,3.6433678,23.248848,11.120754,24.860275,39.73823,66.70023,-0.008007288,0.0044318438,3.746644,16.56206
11.057369,15.583412,55.20636,-0.0025469214,9.53841,16,3.663745,19.433655,9.462601,22.785458,41.957684,69.298355,-0.007922098,0.003509134,3.3546605,17.476595
10.509491,17.021404,55.4709,-0.0033513308,9.329149,17,2.6228857,18.80097,10.264375,24.277382,42.14045,68.71418,-0.008361012,0.0026070327,3.3211718,17.568186
10.285823,16.364086,55.605476,-0.0027863383,9.496785,18,4.237893,18.186901,9.87813,24.394592,42.296524,69.03607,-0.0087136775,0.0032265186,3.4776769,19.186447
10.099987,16.649158,55.60931,-0.0026714504,9.062222,19,3.3510056,20.39521,9.946066,23.6362,41.97686,72.22018,-0.007993415,0.0021905452,3.2191834,17.45005
10.065416,16.571075,55.5624,-0.0026877373,9.411564,20,3.9557467,17.95713,8.664104,23.77749,42.34832,70.04628,-0.007845581,0.00246346,3.0024018,17.127285
10.550955,18.087769,56.139175,-0.0015869141,9.592616,21,3.7934647,20.169306,11.055564,26.224628,41.46843,71.799225,-0.007402584,0.0032595992,3.8269863,18.723282
10.760966,16.561203,55.900917,-0.0020105988,9.334928,22,3.7382488,20.466328,10.708634,23.226774,41.457382,71.8613,-0.008495599,0.0032251477,3.518845,17.94159
10.9481,16.65805,56.230747,-0.0030409843,9.170397,23,2.6767044,19.783445,10.017442,23.9176,42.571663,71.31212,-0.009573698,0.0024430454,3.4311738,16.728231
10.788275,17.749352,56.217186,-0.002852276,8.74311,24,3.4311008,19.818989,10.658791,24.948008,42.3608,72.10528,-0.008666322,0.003204286,3.2334814,14.298351
11.48015,17.665731,56.292442,-0.0039375275,9.070508,25,3.960023,19.747246,10.848455,24.512215,42.338593,70.6843,-0.011501938,0.0016515851,3.4116359,15.794342
11.30396,16.553627,56.416355,-0.002638638,9.106195,26,3.4445963,22.084965,10.535565,23.792229,43.089417,73.55547,-0.008510113,0.0021061748,3.7479076,17.238808
11.506961,16.829094,56.733578,-0.0028447658,9.646174,27,3.6900854,20.560396,9.600093,25.384598,43.943184,70.42118,-0.007628739,0.002244532,3.7309132,19.430416
11.966223,16.395641,57.726913,-0.003241405,9.258557,28,4.212755,24.41137,10.425423,23.107216,41.902023,73.08624,-0.008877158,0.0038056672,3.3605337,17.182167
12.093118,15.590309,57.67915,-0.0021336079,9.556591,29,3.8091135,23.8264,7.8857203,23.514618,44.52279,72.3734,-0.010783628,0.0032364726,3.9107199,18.07388
12.235207,17.480556,56.764236,-0.0002488792,9.315994,30,4.3408937,25.047342,10.252454,24.87323,43.891438,69.86676,-0.011063963,0.0037052333,3.7553082,17.915956
12.603821,16.788397,56.753445,-0.0022173673,9.721457,31,4.518259,23.619537,9.866978,23.693073,42.337776,69.90708,-0.009259865,0.003234461,4.3478727,18.785793
11.915866,16.265709,56.49519,-0.0025844127,9.573412,32,4.4331665,22.294456,9.6409,22.268118,41.964478,69.95763,-0.008887649,0.0037836581,3.6595492,18.40849
11.195507,15.16485,56.062157,-0.0006580651,10.050206,33,3.6233063,20.256618,9.52032,22.211142,40.18788,69.77516,-0.009711534,0.0042361766,3.7801566,18.119677
10.374953,16.293432,56.137154,-0.003437966,9.503671,34,3.9790058,18.78075,11.334957,22.968298,43.945488,68.74395,-0.0077884197,0.0039522946,3.8267837,17.257318
10.13316,15.09982,56.284466,0.000570029,9.455177,35,3.800932,19.914398,8.749898,20.640806,45.27334,67.60648,-0.008844554,0.0017691553,3.929555,19.07188
10.507071,16.33139,56.32415,-0.002283752,9.089143,36,3.6032324,22.239258,8.582503,22.973722,43.111656,68.23801,-0.009514034,0.0054629743,4.0782804,17.14829
10.746129,15.797439,56.606846,-0.00049059093,8.982473,37,3.1477509,20.320229,8.08476,23.448475,45.159687,68.753456,-0.0080102235,0.0037733316,3.5657673,15.97888
11.550039,17.187923,56.848907,-0.0034620017,8.890412,38,3.3474083,23.059673,9.931456,23.583637,45.135826,68.04472,-0.008410335,0.0014419705,4.0784726,17.626144
11.354612,16.180796,57.14451,-0.0040097833,9.021554,39,3.6039963,20.7221,10.170465,23.477125,44.726967,70.19818,-0.010062233,0.0029418468,4.0565734,15.360929
10.946299,16.150625,56.61818,-0.0028519183,9.335577,40,2.0907564,21.401003,7.7436943,23.494764,43.960037,69.5062,-0.008315742,0.004648328,3.9588332,17.045485
11.636282,17.160656,57.32877,0.014127597,9.291211,41,3.5421143,23.44273,10.170203,25.012535,43.90181,69.67557,-0.008120567,0.0028284192,3.7571225,16.822626
11.31194,16.893705,58.027172,0.0030806214,8.7890005,42,3.5499134,21.305275,11.464542,22.593294,44.594387,72.301834,-0.009646252,0.003132984,3.9639764,15.013873
11.756127,15.546857,58.397007,-0.0093612075,8.651821,43,3.2972994,21.62826,8.518518,22.133404,43.567978,69.90674,-0.008947879,0.00360094,3.6213446,16.766348
12.433781,16.103485,58.38558,0.009763047,8.181474,44,3.780117,21.808277,8.2761135,23.064953,45.6137,71.20431,-0.009381503,0.0047080964,3.3866472,13.734518
12.022179,16.96978,58.3037,0.08698648,7.9103603,45,3.5463266,22.411732,9.946312,24.677376,45.297943,72.026276,-0.007983208,0.003432557,3.740641,12.713254
11.602694,16.345343,58.157894,0.018379822,8.10565,46,3.9828167,22.537773,9.046893,23.453724,43.52562,71.69478,-0.008678153,0.005197346,3.2774725,15.077245
12.1319,16.782627,58.554474,-0.019215956,8.128738,47,3.9218836,24.355402,10.461595,23.030727,44.838192,70.11616,-0.010608211,0.0039377064,3.2674794,13.799665
12.289626,16.21695,58.231873,0.022599354,8.325676,48,3.287941,21.7784,9.565945,22.433903,42.62484,72.07799,-0.00876227,0.0024684817,3.6153708,13.928671
11.555264,16.357273,59.18798,0.00093762577,8.571861,49,3.6865158,21.23027,9.269463,23.110209,45.976986,73.634056,-0.012234852,0.00411126,4.194873,15.00474
11.792642,16.954039,59.773052,-0.0047100186,8.429149,50,4.493519,20.624805,11.135797,22.58542,46.43011,73.48474,-0.00919503,0.0033165812,3.3482022,13.441023
11.480095,16.33012,59.370724,0.12681821,8.564404,51,4.8990507,20.273222,9.065008,22.456484,46.37788,74.303635,-0.013132006,0.0025063008,3.8807244,14.424064
11.017154,16.987514,59.836567,0.010386229,9.058146,52,4.456607,20.431307,9.1462965,24.15963,47.86759,73.144714,-0.009117663,0.0046041757,3.3703475,16.606716
11.569528,16.10511,58.841064,-0.0049627423,8.676444,53,3.839203,21.280375,9.333432,22.816372,46.314365,71.12097,-0.011256829,0.002473712,3.0562735,14.828732
11.7810755,16.4237,58.83058,-0.0039039701,9.241269,54,3.4979439,18.744953,9.418256,24.18122,47.392025,74.1316,-0.011216402,0.0034781545,3.711185,15.9109745
11.937353,16.62766,59.31036,-0.0022581667,8.191526,55,3.8544579,20.47501,10.01735,22.639524,46.270996,73.68626,-0.010175705,0.002980709,2.798974,15.367329
11.374837,16.689775,59.449505,-0.0019910932,8.8016815,56,3.2313395,19.964176,10.029134,23.020077,46.22524,74.19298,-0.009202734,0.0020439178,3.4364462,15.798311
10.975611,17.437416,59.01047,0.0030610114,8.810439,57,3.7304173,20.281277,10.911301,24.481745,46.29919,74.52356,-0.010125667,0.0025644004,3.314592,14.26885
10.715663,16.389261,59.132153,0.0019094795,8.723664,58,2.887065,19.373617,10.14919,22.28209,48.99075,74.95567,-0.009003222,0.004333675,3.8239136,14.27939
10.895508,16.327126,58.315605,-0.005593255,8.540044,59,3.3336267,21.00668,9.639994,23.41364,43.47516,72.91311,-0.008063242,0.0015737414,3.7626534,14.363424
11.614186,17.145956,58.626545,0.018845975,8.774133,60,4.4611616,22.380363,10.622635,24.375023,45.695633,73.00157,-0.009642005,0.0035969764,3.4203033,14.45994
11.145682,16.885681,58.14559,0.01707463,8.166161,61,3.7902489,20.404612,9.254525,25.48486,47.438065,72.18555,-0.007924005,0.004801199,3.2586298,14.770668
11.728657,15.99921,59.154007,-0.0047628134,8.79221,62,4.0071783,22.303333,7.8713484,22.344421,46.41182,72.39293,-0.009500653,0.0025428087,3.9285426,15.749741
11.725664,16.388906,58.6707,0.00070121884,8.5739355,63,4.37661,21.62901,9.95363,24.58345,46.521675,74.94929,-0.009882137,0.0031637102,3.3180785,14.930925
11.828167,17.040777,59.228573,0.033409685,8.94197,64,3.825138,19.24414,10.289526,23.997374,47.130825,75.47498,-0.011150166,0.0030358583,3.6061711,16.411243
10.966797,16.512627,59.153027,0.00022397935,8.933916,65,3.627509,20.346333,9.112772,24.511274,47.60553,75.29237,-0.009428158,0.00281699,3.565701,16.174152
12.760998,16.676899,58.487923,0.03466612,9.209737,66,5.077227,21.62278,9.341787,23.543034,46.453835,73.56158,-0.008367747,0.0036034882,3.502315,15.732396
11.301708,16.361969,58.983093,-0.0038363487,9.265598,67,3.642294,20.602318,10.08582,23.711645,47.03463,72.23108,-0.010213688,0.0023543686,3.7210546,17.883926
11.021585,17.278496,59.35666,-0.00686495,9.419651,68,4.104474,19.981813,10.531843,22.793238,46.079628,75.269516,-0.00916858,0.0013935268,3.4170485,15.873871
12.285888,16.786577,58.070656,-0.003404364,9.405201,69,5.0141444,19.921675,10.175426,22.40789,42.441864,73.32922,-0.008684307,0.0024552643,3.814478,18.110466
11.569631,17.437824,58.917236,-0.0012865812,8.9169855,70,4.19753,18.92701,10.544824,23.134302,45.531612,73.783005,-0.009121552,0.0060553253,3.7304692,16.091608
11.654305,15.687229,58.271015,-0.0010536313,10.005602,71,4.1465206,22.021606,9.327497,22.47437,45.719734,72.69675,-0.009169742,0.00475353,3.9673176,17.516676
12.503736,16.62758,58.67923,-0.0038958788,9.697528,72,3.6848288,21.806154,9.735307,24.934704,44.188576,72.90797,-0.009955272,0.0035398602,4.2827497,18.365164
11.203334,16.598537,58.07144,0.008464083,9.529219,73,3.6140757,19.390366,9.636241,24.151325,43.82827,72.04799,-0.009412453,0.005055815,3.2859287,18.770771
11.329621,17.23766,58.63283,0.033381388,9.421267,74,3.6880836,21.928545,9.782056,25.457031,43.454567,70.84086,-0.008602753,0.0045428574,3.6920009,17.263203
10.947581,15.725617,58.242855,-0.0009958446,9.000223,75,2.957306,21.09971,9.453849,22.09996,44.669975,70.082825,-0.008982137,0.004412487,3.4978504,16.11082
10.847876,16.014795,58.451454,0.09366276,9.3871355,76,3.3346024,19.717875,9.359764,21.844952,42.9822,72.34914,-0.009456515,0.0023777634,3.9302583,16.258425
11.102851,16.651218,58.887405,0.04849404,8.549262,77,3.7426662,19.885149,10.932518,21.997707,45.31435,72.83836,-0.007646382,0.0045431256,3.4724102,14.871115
10.101937,16.101622,58.32668,-0.018473774,8.93224,78,3.4757986,18.009176,9.65933,21.758999,45.487762,72.96604,-0.008983418,0.004356265,3.7803926,16.18731
10.81491,16.092121,57.731125,0.009607822,9.095199,79,3.9666271,20.67966,9.529718,23.037373,44.76391,72.06672,-0.008910641,0.0034109056,3.4258742,16.563124
11.394752,16.88315,57.733223,-0.0020963252,9.13987,80,3.6002455,21.433426,9.618647,24.339226,44.329212,71.577835,-0.00942044,0.0053995103,3.855351,16.118788
12.009114,16.237919,58.846222,-0.0030755699,9.202315,81,4.0855713,25.074608,8.8295355,23.742165,44.384323,73.395454,-0.0080127865,0.0021860898,3.7133193,15.832001
11.362248,16.341066,58.423553,-0.0029456466,9.147026,82,3.1873522,20.189995,8.717246,22.080894,45.764847,70.975334,-0.009094164,0.0015091151,3.5888438,16.392567
12.50682,17.105335,58.327442,-0.001971677,8.49762,83,3.90269,25.055298,10.0812845,24.296219,44.621704,73.36498,-0.008194357,0.0024498254,3.0928922,15.210325
12.127424,16.952686,57.810047,0.006270349,9.147045,84,4.4613132,21.97091,9.144817,24.024616,39.484676,72.56065,-0.01076968,0.0022106469,3.5271893,15.362762
12.828468,16.145348,58.981773,-0.000761345,9.15649,85,4.6861877,26.41895,9.269875,23.885288,46.064945,75.509125,-0.012084663,0.0038167983,3.3501625,15.321653
12.742365,16.27631,57.80177,0.04235015,9.177776,86,4.2603264,24.125103,10.633952,23.197674,44.75267,71.478905,-0.008564249,0.0038330704,3.4267545,16.289532
13.303519,16.081896,57.980698,0.0060049593,9.054058,87,4.952349,25.886913,9.554318,22.87152,43.585144,72.4329,-0.010081917,0.004079774,3.4725537,15.713652
13.202998,16.131695,57.16432,-0.0027118623,9.181355,88,4.5254946,24.699062,9.410582,22.502712,43.793304,71.88397,-0.010924444,0.0025944412,3.0975413,16.01651
12.04066,15.823131,57.90382,-0.00067971647,8.654197,89,3.665452,22.83691,8.612102,23.172773,43.229954,72.671486,-0.009318367,0.003397122,3.8709288,15.664297
13.150242,16.417461,58.450706,-0.0026009083,8.517305,90,4.8468037,24.274193,9.989689,23.596863,45.55921,71.54065,-0.0076919645,0.002210766,3.8533363,14.529271
12.974393,16.693628,57.214622,-0.0031982362,8.744023,91,3.9459448,22.392628,9.839507,24.738123,41.497345,70.75621,-0.00818269,0.003825441,3.8249688,15.037918
12.417794,16.684235,57.23476,-0.0029841065,8.958472,92,4.137168,18.798218,10.142675,22.84388,43.558895,71.306625,-0.009734198,0.0039000362,3.8944798,14.779554
12.315995,16.928358,57.755863,-0.0030864775,8.721379,93,3.9628239,22.805225,10.572142,24.677952,43.469433,72.193596,-0.009365752,0.0028743,3.9366183,14.887994
11.459023,16.012886,57.69964,0.005152628,8.766801,94,3.4689312,19.689697,9.603952,21.655392,44.663902,70.45924,-0.007653713,0.00407961,4.370055,13.98958
11.876642,17.667934,58.448235,-0.0013937652,8.803747,95,4.1350794,20.948689,11.336293,24.282684,44.40535,72.07498,-0.008661047,0.005454153,3.8937626,13.815281
11.047184,16.052498,58.998795,-0.0026039332,9.060807,96,3.4443102,21.965645,9.760219,23.261116,46.099922,71.66861,-0.0076898634,0.003271699,4.1428924,15.537909
11.26372,16.533,58.80048,0.001400739,9.740765,97,3.0156507,22.2,8.689893,24.022312,47.013542,72.27597,-0.009672746,0.0036558062,3.5631576,17.174263
11.524448,16.06144,59.589603,0.0023402125,9.075369,98,3.2798824,21.919205,9.611949,22.628017,47.983322,72.921234,-0.008629546,0.0035421103,4.368698,13.832365
11.02426,16.233479,59.725403,-0.012173429,9.313613,99,3.3382397,20.423168,10.324877,23.58794,48.199306,75.22304,-0.007686019,0.0030221343,3.866593,15.501434
11.276241,16.235613,59.03268,0.007666528,9.562393,100,2.6861296,21.139439,10.05927,21.45899,47.681145,73.99262,-0.009148985,0.0024386644,4.8881283,16.913664
10.944804,16.734297,58.966465,0.00039631128,9.487918,101,3.175333,21.60521,10.103283,23.591614,44.658073,72.12068,-0.008871913,0.002034828,3.8936567,16.093536
11.5985,16.398684,58.44526,0.0026018918,9.66458,102,3.6441803,24.139185,10.73151,23.38763,45.343964,71.957146,-0.011061445,0.0023756474,4.062564,16.07483
11.20756,15.309511,58.815136,-0.0027332902,9.62999,103,3.979557,21.703194,9.540552,20.508333,45.31928,70.8983,-0.009886786,0.0033651888,4.2386003,16.545696
11.64988,16.779438,58.381325,-0.0013409257,9.569321,104,4.527524,21.408827,10.3459215,22.637518,45.411926,70.50585,-0.008853361,0.0034374297,4.246468,16.929585
11.625989,16.737549,57.905773,-0.0019622892,10.247422,105,3.875022,22.37689,10.61602,22.498093,43.30166,72.0827,-0.0084114075,0.0033722073,4.593957,18.110207
11.124297,17.372116,58.21799,0.0017554015,9.758984,106,4.1404724,20.523064,10.77142,24.11618,45.34468,71.8855,-0.009173319,0.0032330006,3.8908486,16.995611
10.874445,16.00694,57.7225,-0.0024654418,9.737615,107,4.1075144,21.169125,8.491709,22.923233,45.27375,72.1971,-0.008054972,0.0030142963,3.942927,16.95423
10.641931,16.487347,57.175037,-0.0030398667,9.6903715,108,3.3939133,18.758823,10.27212,22.039846,44.005455,70.232735,-0.010053873,0.0027327687,3.6402655,16.467844
10.488158,15.863505,57.22496,-0.003603056,9.740545,109,3.7352486,18.857985,9.591161,22.072123,44.457684,72.04532,-0.00918588,0.0048158765,4.3078094,17.542942
10.616117,17.184893,57.37269,-0.0027860552,9.512328,110,2.6480827,19.907543,10.290005,25.042337,42.83435,72.5471,-0.008752033,0.0040090233,3.4327087,17.091728
10.94899,16.60544,57.202927,-0.006232843,10.016614,111,3.5736809,22.39544,8.754645,25.223644,43.402634,71.91901,-0.010414094,0.001654759,3.9700146,18.788137
10.985497,16.387756,56.932903,0.015486702,10.047232,112,3.3482847,20.737766,8.741123,23.96666,41.4799,69.35583,-0.010981992,0.003716275,3.7245688,17.37137
10.4787655,15.468391,57.394085,0.09120108,10.447965,113,4.352415,20.966862,8.720131,22.047956,43.023506,73.49289,-0.0090992,0.0034509003,3.6802845,18.322124
10.2031975,16.051584,56.17283,0.004032731,9.875012,114,3.6397028,19.146706,9.479256,22.845764,41.47754,70.101974,-0.008792773,0.0017002225,3.8288245,16.294207
9.479513,15.331428,56.0168,-0.0059175044,10.734964,115,2.946476,16.956966,7.544036,23.256315,43.18508,72.238266,-0.010065302,0.0027079433,4.9536443,21.253345
10.044923,16.51806,56.94445,0.019670457,9.757147,116,3.4725142,18.588999,9.542671,23.003231,44.086143,71.79297,-0.0076473355,0.0032437593,4.035705,17.90773
11.133938,16.150852,57.453953,-0.0011483431,10.221307,117,3.5924597,20.83469,9.554991,23.62266,44.734993,72.11534,-0.008752137,0.004284784,3.3140392,18.62267
11.329842,16.39026,57.403126,0.02892439,9.991829,118,4.4349985,21.339218,9.830127,22.973019,44.21261,71.06712,-0.0077861995,0.004700884,3.7530355,18.531782
11.3963585,15.878948,57.732006,0.0034256428,9.584789,119,3.3175297,20.989613,9.129288,23.016727,43.224487,73.10506,-0.008957595,0.0037521124,3.7966185,17.824932
10.969168,16.414865,58.224358,0.0068131685,9.718205,120,3.8366184,20.45864,10.077325,22.763584,44.71747,73.01855,-0.008759126,0.004828304,3.6207066,20.43028
12.271867,17.46569,58.698574,0.016061261,8.587804,121,4.485978,24.078972,10.316554,26.637627,44.43135,72.15101,-0.007294953,0.011217967,3.3148932,16.026768
10.679158,17.149569,59.272457,0.036635213,8.523967,122,3.594226,19.999128,10.794898,24.211548,46.772507,72.47569,-0.008922756,0.007637322,2.8194766,15.627825
11.521496,15.997143,58.01571,0.014823824,8.76376,123,3.7439718,23.11854,9.727787,23.112556,47.014557,70.51031,-0.0074864626,0.0049509853,3.001258,15.938628
10.739925,16.63705,58.01022,0.0016642213,9.141002,124,3.1801481,20.60793,10.782209,22.66864,47.748177,70.29018,-0.01018329,0.0021557212,3.9246063,15.835867
10.173498,16.797672,57.72733,-0.00074476004,9.555671,125,2.9657812,19.055117,9.647713,23.995424,45.60154,69.04631,-0.008087307,0.004851401,4.588093,15.821409
11.082061,15.791952,56.945564,-0.0036723614,9.172266,126,3.1036596,20.533772,9.0526285,22.360558,45.637836,67.48165,-0.009074956,0.0016026348,3.8874125,16.384745
10.833721,17.438255,57.545753,-0.0031848997,9.330412,127,3.0248995,20.03376,11.38661,25.115004,44.624023,71.17944,-0.008716673,0.002596438,4.465347,16.979214
11.05009,16.518738,57.82481,-0.0045839995,9.109863,128,4.0211563,22.171986,10.037871,23.455181,44.909645,70.263374,-0.009652391,0.0034221262,4.3785295,15.360851
10.972052,16.249437,57.673702,0.0045354664,9.097199,129,4.395034,21.422977,10.113078,22.293808,45.55314,68.34346,-0.008554071,0.003218621,3.8268538,15.006843
11.24055,16.469215,57.372604,0.027418539,9.38688,130,3.2584553,21.0907,9.723393,23.77879,45.33899,69.96439,-0.007253915,0.004481107,3.937766,16.694386
11.636051,17.489393,57.765854,0.079825185,9.057491,131,3.8685493,21.052841,10.762336,24.548628,45.49423,69.68694,-0.00773184,0.00336352,3.483697,15.393869
10.631581,15.924712,58.357502,0.044734456,9.963493,132,3.6270332,22.134726,8.638705,23.174284,46.966312,70.16045,-0.008884296,0.0033699423,3.5097613,16.349083
10.700069,16.242825,57.676582,0.009197116,9.520212,133,3.4394932,20.920734,9.564247,22.516535,45.97483,69.812035,-0.008472115,0.004120171,4.2211494,16.739141
10.469228,16.885313,58.74452,-0.0026562214,9.727998,134,3.0918703,19.152287,10.221396,24.265244,48.886894,72.01214,-0.009175301,0.002955094,3.439085,17.138641
9.752359,16.19767,58.42342,-0.0026182383,9.183405,135,2.741148,17.161049,9.394652,22.930063,48.630627,71.16412,-0.0077756643,0.0024396926,3.7102432,16.717503
9.867388,16.875557,58.622265,-0.0029524267,8.781953,136,2.9303818,16.999416,9.965865,23.819532,48.11299,71.188736,-0.009987548,0.0037261993,3.5198612,16.449883
10.790747,15.9420595,58.14455,-0.0036536902,9.400451,137,3.4319992,19.370094,8.792385,22.980238,46.565666,69.242455,-0.0092128515,0.0038686395,4.052333,15.452545
10.91975,16.465916,57.929565,-0.0032674223,9.123889,138,3.593749,20.165741,10.510669,23.069645,46.95162,70.176865,-0.008282751,0.0019794703,3.0353012,17.316235
10.818768,16.739628,57.77014,-0.0032467395,9.074378,139,3.7953863,19.121235,10.522615,23.15352,45.694633,69.224365,-0.008757934,0.0015491098,3.6799083,16.001177
10.548845,16.443274,58.64698,-0.002951175,8.749259,140,3.6165628,18.924217,10.352156,23.763845,46.446873,72.258385,-0.009052455,0.002010107,3.6187596,13.973557
10.9775,16.539091,58.959545,0.008783266,9.076261,141,4.717127,18.165356,9.770933,22.719494,47.262165,69.66324,-0.008557215,0.0025704056,3.6900187,16.52481
10.516152,17.151745,59.265434,-0.06843753,8.77571,142,4.453266,19.371677,10.354862,23.071114,49.269405,70.9183,-0.009984866,0.0033949316,3.5426226,17.16743
11.054128,16.576399,59.763966,0.012492254,8.592987,143,4.2818117,18.92991,10.96632,23.272243,48.505836,72.154106,-0.008953229,0.002738282,3.789145,15.99458
10.866663,17.218803,59.537792,0.007990569,8.81431,144,4.103635,20.153782,11.615013,23.78834,49.345215,71.651566,-0.009719014,0.0043545067,3.5900912,14.222291
10.705602,16.72962,60.229546,-0.0007915646,8.847353,145,4.945194,18.335155,9.528359,24.245113,49.894184,71.524925,-0.0076187253,0.004294321,3.6794772,16.802187
10.634303,16.425774,59.819683,-0.003191024,8.945435,146,4.610855,18.8169,9.220175,24.011372,49.827034,71.630905,-0.00921011,0.0020818114,3.8321295,15.710062
11.170968,16.399845,59.774143,-0.0034242272,8.952454,147,4.327855,19.967094,10.516946,22.317953,48.487534,72.48532,-0.010237545,0.0025780946,3.4172077,16.199644
11.207052,16.167149,59.32083,0.015441522,9.556207,148,3.554594,18.818335,9.328461,24.526068,48.676094,71.80431,-0.008316293,0.0036533922,3.5611796,17.131157
10.085914,17.101788,59.696934,0.015418142,9.416601,149,4.132204,15.856867,10.784341,23.464592,46.03494,72.70605,-0.0070513785,0.0032211542,3.4588065,15.995501
11.229226,15.458628,60.01466,0.003502071,9.136793,150,4.5608377,19.655901,10.617359,22.118946,48.14965,72.73812,-0.008393317,0.003862664,3.2884688,16.473055
11.824633,16.85721,59.442715,0.0030376613,9.34912,151,4.203328,23.378918,8.900323,23.855766,46.523216,71.2453,-0.0084178895,0.0023609847,3.4662352,18.839466
12.438582,16.186197,58.9104,0.008520573,9.74626,152,4.1372385,20.274755,10.529911,22.41411,47.896576,72.57858,-0.007931113,0.0021767318,3.534593,18.988068
13.009779,16.268404,58.307705,0.07590105,9.451188,153,4.2574396,23.911297,9.239891,23.698711,45.081203,72.2874,-0.008449733,0.0016433299,3.7104073,18.65654
12.778593,15.657221,59.0115,0.15092579,9.852517,154,3.260785,25.110073,9.049232,23.229116,44.81789,72.146965,-0.009790048,0.0037090033,3.6421146,20.605433
11.59818,17.276123,58.302208,-0.0027402192,9.282383,155,4.19963,22.051086,10.410673,24.906391,44.633522,71.33363,-0.008958131,0.0027867556,3.3175082,19.952093
11.832979,17.034403,57.496567,-0.0025200844,9.845013,156,3.5913267,21.057701,11.061111,23.351841,45.07244,70.96937,-0.00950703,0.0024387985,3.3191066,18.124651
11.711287,15.852412,57.504246,-0.0031518638,9.669642,157,3.632635,24.347294,9.779027,21.704487,46.20948,71.59821,-0.009569734,0.0036415607,4.2250843,17.25673
10.985451,17.21565,58.395947,-0.0032591522,9.645099,158,3.3418941,20.442656,10.328088,23.414156,46.783394,71.35185,-0.008704618,0.0023791343,3.6241012,19.070515
12.619728,15.878087,58.058388,-0.0015870035,9.820873,159,3.3400946,25.957954,9.098813,22.229195,42.727196,72.88039,-0.010015935,0.003672257,3.9528265,19.765926
12.816998,16.764372,56.96629,-0.0014412552,9.367387,160,3.9996386,24.874763,10.543114,23.877083,40.435528,71.68236,-0.0088651925,0.0033832192,3.6613379,19.220222
12.836763,16.70919,56.83176,-0.0034445077,9.133069,161,3.9106264,22.573452,9.636428,24.943209,42.043312,72.604324,-0.007953897,0.0018651783,3.289806,18.092928
11.823835,16.684032,56.685646,-0.009190097,9.319813,162,3.7657547,21.631805,8.983466,24.051083,42.105026,70.25152,-0.009290159,0.0030268729,2.9507852,17.298605
11.736292,17.547007,57.114258,-0.0051002204,9.235807,163,4.295534,22.555836,8.53797,25.640285,42.1612,70.75547,-0.010800526,0.0023483038,3.3342223,17.68568
12.3427105,17.461319,57.292217,-0.0032125413,9.098089,164,3.7617044,26.14312,10.582955,24.65815,42.175285,71.33394,-0.007847041,0.0043358356,3.1870375,18.748554
12.596555,16.544474,56.82483,-0.0032527149,9.321001,165,4.1486998,23.702198,9.654556,23.244404,38.53514,71.38047,-0.009210005,0.0031045675,3.7153149,18.224663
13.16942,17.186096,56.78342,-0.0030249506,8.881526,166,4.507516,23.978134,10.062753,25.163494,42.777397,70.38215,-0.010430023,0.0036185235,3.0671096,17.066383
12.333518,16.785969,56.965824,-0.0017358363,9.355617,167,3.347375,24.76778,9.031491,23.743008,41.73499,71.49831,-0.010457262,0.005940601,2.7309642,17.603186
12.47188,15.902096,56.69097,-0.002723977,9.400788,168,4.191058,24.938822,8.467559,22.697556,41.4141,71.53839,-0.008329451,0.0036572218,3.0744362,17.679977
